102,RIU CONCORDIA,ES,Playa de Palma,PMI
105,RIU SAN FRANCISCO,ES,Playa de Palma,PMI
107,RIU FESTIVAL,ES,Playa de Palma,PMI
108,RIU BRAVO,ES,Playa de Palma,PMI
116,RIU PLAYA PARK,ES,Playa de Palma,PMI
118,RIU ROMANTICA,ES,Porto Cristo (Mallorca),PMI
128,HOTEL ROMANTIC,ES,Playa de Palma,PMI
141,RIU LA MOLA,ES,Formentera,FMT
143,RIU PALACE LA MOLA,ES,Formentera,FMT
205,RIU PAPAYAS,ES,Gran Canaria,LPA
212,RIU PALACE MELONERAS,ES,Gran Canaria,LPA
214,RIU DON MIGUEL,ES,Gran Canaria,LPA
215,RIU PALACE OASIS,ES,Gran Canaria,LPA
216,RIU GRAN CANARIA,ES,Gran Canaria,LPA
217,RIU VISTAMAR,ES,Gran Canaria,LPA
231,RIU PALACE PALMERAS,ES,Gran Canaria,LPA
232,RIU PALACE MASPALOMAS,ES,Gran Canaria,LPA
305,RIU PALACE JANDIA,ES,Fuerteventura,FUE
313,HOTEL CALYPSO,ES,Fuerteventura,FUE
314,RIU PALACE CALYPSO,ES,Fuerteventura,FUE
316,RIU PALACE TRES ISLAS,ES,Fuerteventura,FUE
317,RIU OLIVA BEACH RESORT,ES,Fuerteventura,FUE
405,RIU PALACE TENERIFE,ES,Tenerife,TFS
406,RIU ARECAS,ES,Tenerife,TFS
412,RIU BUENAVISTA,ES,Tenerife,TFS
4501,RIU MONICA,ES,Nerja (Málaga),AGP
4505,RIU COSTA DEL SOL,ES,Torremolinos,AGP
4507,RIU NAUTILUS,ES,Torremolinos,AGP
4802,RIU CHICLANA,ES,Chiclana (Cádiz),XRY
520,RIU PALACE MADEIRA,PT,Madeira,FNC
1334,RIU MADEIRA,PT,Madeira,FNC
1882,RIU GUARANA,PT,Algarve,FAO
1884,RIU PALACE ALGARVE,PT,Algarve,FAO
1401,RIU PLAZA THE GRESHAM DUBLIN,IE,Dublín,DUB
1601,RIU PLAZA LONDON VICTORIA,GB,Londres,LON
2101,RIU PLAZA BERLIN,DE,Berlín,BER
2751,RIU YUCATAN,MX,Playa del Carmen,PCM
2752,RIU TEQUILA,MX,Playa del Carmen,PCM
2753,RIU PALACE MEXICO,MX,Playa del Carmen,PCM
2754,RIU PLAYACAR,MX,Playa del Carmen,PCM
2755,RIU LUPITA,MX,Playa del Carmen,PCM
2760,RIU PALACE RIVIERA MAYA,MX,Playa del Carmen,PCM
2801,RIU CANCUN,MX,Cancún,CUN
2802,RIU PALACE LAS AMERICAS,MX,Cancún,CUN
2803,RIU CARIBE,MX,Cancún,CUN
2804,RIU PALACE PENINSULA,MX,Cancún,CUN
2806,RIU PALACE KUKULKAN,MX,Cancún,CUN
2807,RIU VENTURA,MX,Cancún,CUN
2851,RIU PALACE COSTA MUJERES,MX,Costa Mujeres,CUN
2853,RIU DUNAMAR,MX,Costa Mujeres,CUN
2854,RIU LATINO,MX,Costa Mujeres,CUN
3102,RIU PALACE ANTILLAS,AW,Aruba,AUA
3105,RIU PALACE ARUBA,AW,Aruba,AUA
3114,CLUB ROYAL PALM,AW,Aruba,AUA
3502,RIU PLAZA GUADALAJARA,MX,Guadalajara,GDL
3601,RIU EMERALD BAY,MX,Mazatlán,MZT
3701,RIU VALLARTA,MX,Riviera Nayarit,PVR
3755,RIU JALISCO,MX,Riviera Nayarit,PVR
3756,RIU PALACE PACIFICO,MX,Riviera Nayarit,PVR
3801,RIU PALACE CABO SAN LUCAS,MX,Los Cabos,SJD
3802,RIU SANTA FE,MX,Los Cabos,SJD
3803,RIU PALACE BAJA CALIFORNIA,MX,Los Cabos,SJD
4201,RIU PLAZA PANAMA,PA,Ciudad de Panamá,PTY
4301,RIU PLAYA BLANCA,PA,Playa Blanca,PTY
4701,RIU PLAZA FISHERMANS WHARF,US,San Francisco,SFO
4901,RIU PLAZA NEW YORK TIMES SQUARE,US,Nueva York,JFK
4902,RIU PLAZA MANHATTAN TIMES SQUARE,US,Nueva York,JFK
5201,RIU PALACE JAMAICA,JM,Montego Bay,MBJ
5202,RIU MONTEGO BAY,JM,Montego Bay,MBJ
5203,RIU REGGAE,JM,Montego Bay,MBJ
5251,RIU NEGRIL,JM,Negril,MBJ
5252,RIU PALACE TROPICAL BAY,JM,Negril,MBJ
5401,RIU OCHO RIOS,JM,Ocho Ríos,OCJ
5501,RIU PALACE PARADISE ISLAND,BS,Bahamas,NAS
5601,RIU PLAZA MIAMI BEACH,US,Miami,MIA
5701,RIU PALACE ST MARTIN,MF,San Martín,SFG
6101,RIU PALACE MACAO,DO,Punta Cana,PUJ
6102,RIU PALACE PUNTA CANA,DO,Punta Cana,PUJ
6103,RIU BAMBU,DO,Punta Cana,PUJ
6104,RIU NAIBOA,DO,Punta Cana,PUJ
6105,RIU PALACE BAVARO,DO,Punta Cana,PUJ
6106,RIU REPUBLICA,DO,Punta Cana,PUJ
1713,RIU BACHATA,DO,Puerto Plata,POP
1721,RIU MERENGUE,DO,Puerto Plata,POP
6201,RIU PALACE COSTA RICA,CR,Guanacaste,LIR
6202,RIU GUANACASTE,CR,Guanacaste,LIR
6501,RIU PALACE MAURITIUS,MU,Le Morne,MRU
6502,RIU TURQUOISE,MU,Le Morne,MRU
6601,RIU SRI LANKA,LK,Ahungalla,CMB
6801,RIU PALACE MALDIVES,MV,Atolón Dhaalu,MLE
6802,RIU ATOLL,MV,Atolón Dhaalu,MLE
6901,RIU DUBAI,AE,Dubái,DXB,x
7101,RIU PALACE ZANZIBAR,TZ,Zanzíbar,ZNZ
7102,RIU JUMBO,TZ,Zanzíbar,ZNZ
7201,RIU BAOBAB,SN,Pointe Sarène,DSS
7501,RIU KARAMBOA,CV,Boavista,BVC
7502,RIU PALACE BOAVISTA,CV,Boavista,BVC
7503,RIU TOUAREG,CV,Boavista,BVC
7601,RIU FUNANA,CV,Isla de Sal,SID
7602,RIU CABO VERDE,CV,Isla de Sal,SID
7603,RIU PALACE SANTA MARIA,CV,Isla de Sal,SID
7701,RIU TIKIDA BEACH,MA,Agadir,AGA
7702,RIU TIKIDA DUNES,MA,Agadir,AGA
7703,RIU PALACE TIKIDA AGADIR,MA,Agadir,AGA
7704,RIU TIKIDA DALIA,MA,Marrakech,RAK
7705,RIU TIKIDA PALMERAIE,MA,Marrakech,RAK
7706,RIU PALACE TIKIDA TAGHAZOUT,MA,Taghazout,AGA
7801,RIU PALACE HAMMAMET,TN,Hammamet,NBE
7802,RIU MARCO POLO,TN,Hammamet,NBE
7803,RIU BELLEVUE PARK,TN,Port El Kantaoui,MIR
7804,RIU IMPERIAL MARHABA,TN,Port El Kantaoui,MIR
7805,RIU GREEN PARK,TN,Port El Kantaoui,MIR
8101,RIU PLAZA CHICAGO,US,Chicago,ORD
8201,RIU PLAZA TORONTO,CA,Toronto,YYZ
9101,RIU KAYAH MOUNTAIN RESORT,MM,Loikaw,LIW